Años,Cantidad,Porcentaje
2010 en adelante,814770,27.160548151244623
Antes del 2000,697164,23.240124687107162
Año desconocido,709167,23.640247494107165
2000 a 2010,778728,25.959079667541047
