review_score,num_reviews
,18064
1.0,201000
5.0,1795795
2.0,150449
4.0,581728
3.0,252940
19.95,15
1.295568E9,1
1.2089952E9,1
1.21176E9,2
327.0,5
