Años,media_rating
2010 en adelante,4.285721395630022
Antes del 2000,4.204031227611872
Año desconocido,4.200578056157297
2000 a 2010,4.145736140733925
